external_id,name,party_full,party_short,start,source_url
843,René Manuel García García,Renovación Nacional,RN,2026-03-11,https://www.camara.cl/diputados/detalle/ficha_parlamentaria.aspx?prmId=843
915,Germán Verdugo Soto,Partido Nacional Libertario,NLI,2026-03-11,https://www.camara.cl/diputados/detalle/ficha_parlamentaria.aspx?prmId=915
1009,Jorge Alessandri Vergara,Unión Demócrata Independiente,UDI,2026-03-11,https://www.camara.cl/diputados/detalle/ficha_parlamentaria.aspx?prmId=1009
1012,Boris Barrera Moreno,Partido Comunista,PC,2026-03-11,https://www.camara.cl/diputados/detalle/ficha_parlamentaria.aspx?prmId=1012
1017,Álvaro Carter Fernández,Partido Republicano,REP,2026-03-11,https://www.camara.cl/diputados/detalle/ficha_parlamentaria.aspx?prmId=1017
1025,Catalina Del Real Mihovilovic,Partido Republicano,REP,2026-03-11,https://www.camara.cl/diputados/detalle/ficha_parlamentaria.aspx?prmId=1025
1038,Marcos Ilabaca Cerda,Partido Socialista,PS,2026-03-11,https://www.camara.cl/diputados/detalle/ficha_parlamentaria.aspx?prmId=1038
1044,Raúl Leiva Carvajal,Partido Socialista,PS,2026-03-11,https://www.camara.cl/diputados/detalle/ficha_parlamentaria.aspx?prmId=1044
1056,Emilia Nuyado Ancapichun,Partido Socialista,PS,2026-03-11,https://www.camara.cl/diputados/detalle/ficha_parlamentaria.aspx?prmId=1056
1065,Guillermo Ramírez Diez,Unión Demócrata Independiente,UDI,2026-03-11,https://www.camara.cl/diputados/detalle/ficha_parlamentaria.aspx?prmId=1065
1073,Juan Santana Castillo,Partido Socialista,PS,2026-03-11,https://www.camara.cl/diputados/detalle/ficha_parlamentaria.aspx?prmId=1073
1075,Diego Schalper Sepúlveda,Renovación Nacional,RN,2026-03-11,https://www.camara.cl/diputados/detalle/ficha_parlamentaria.aspx?prmId=1075
1086,Gonzalo Winter Etcheberry,Frente Amplio,FA,2026-03-11,https://www.camara.cl/diputados/detalle/ficha_parlamentaria.aspx?prmId=1086
1099,Jaime Araya Guerrero,Independientes,IND,2026-03-11,https://www.camara.cl/diputados/detalle/ficha_parlamentaria.aspx?prmId=1099
1104,Chiara Barchiesi Chávez,Partido Republicano,REP,2026-03-11,https://www.camara.cl/diputados/detalle/ficha_parlamentaria.aspx?prmId=1104
1105,Héctor Barría Angulo,Partido Demócrata Cristiano,DC,2026-03-11,https://www.camara.cl/diputados/detalle/ficha_parlamentaria.aspx?prmId=1105
1110,Carlos Bianchi Chelech,Independientes,IND,2026-03-11,https://www.camara.cl/diputados/detalle/ficha_parlamentaria.aspx?prmId=1110
1131,Mauro González Villarroel,Renovación Nacional,RN,2026-03-11,https://www.camara.cl/diputados/detalle/ficha_parlamentaria.aspx?prmId=1131
1132,Jorge Guzmán Zepeda,Evolución Política,EVOPOLI,2026-03-11,https://www.camara.cl/diputados/detalle/ficha_parlamentaria.aspx?prmId=1132
1140,Daniel Lilayu Vivanco,Unión Demócrata Independiente,UDI,2026-03-11,https://www.camara.cl/diputados/detalle/ficha_parlamentaria.aspx?prmId=1140
1141,Luis Malla Valenzuela,Partido Liberal de Chile,PL,2026-03-11,https://www.camara.cl/diputados/detalle/ficha_parlamentaria.aspx?prmId=1141
1148,Javiera Morales Alvarado,Frente Amplio,FA,2026-03-11,https://www.camara.cl/diputados/detalle/ficha_parlamentaria.aspx?prmId=1148
1152,Gloria Naveillan Arriagada,Partido Nacional Libertario,NLI,2026-03-11,https://www.camara.cl/diputados/detalle/ficha_parlamentaria.aspx?prmId=1152
1165,Agustín Romero Leiva,Partido Republicano,REP,2026-03-11,https://www.camara.cl/diputados/detalle/ficha_parlamentaria.aspx?prmId=1165
1119,Sara Concha Smith,Partido Cristiano de Chile,PCH,2026-03-11,https://www.camara.cl/diputados/detalle/ficha_parlamentaria.aspx?prmId=1119
1180,Consuelo Veloso Ávila,Frente Amplio,FA,2026-03-11,https://www.camara.cl/diputados/detalle/ficha_parlamentaria.aspx?prmId=1180
1054,Francesca Muñoz González,Partido Cristiano de Chile,PCH,2026-03-11,https://www.camara.cl/diputados/detalle/ficha_parlamentaria.aspx?prmId=1054
1171,Emilia Schneider Videla,Frente Amplio,FA,2026-03-11,https://www.camara.cl/diputados/detalle/ficha_parlamentaria.aspx?prmId=1171
1172,Stephan Schubert Rubio,Partido Republicano,REP,2026-03-11,https://www.camara.cl/diputados/detalle/ficha_parlamentaria.aspx?prmId=1172
1174,Marco Antonio Sulantay Olivares,Unión Demócrata Independiente,UDI,2026-03-11,https://www.camara.cl/diputados/detalle/ficha_parlamentaria.aspx?prmId=1174
1175,Cristián Tapia Ramos,Independientes,IND,2026-03-11,https://www.camara.cl/diputados/detalle/ficha_parlamentaria.aspx?prmId=1175
1183,Flor Weisse Novoa,Unión Demócrata Independiente,UDI,2026-03-11,https://www.camara.cl/diputados/detalle/ficha_parlamentaria.aspx?prmId=1183
1184,Roberto Celedón Fernández,Independientes,IND,2026-03-11,https://www.camara.cl/diputados/detalle/ficha_parlamentaria.aspx?prmId=1184
1186,Ignacio Achurra Díaz,Frente Amplio,FA,2026-03-11,https://www.camara.cl/diputados/detalle/ficha_parlamentaria.aspx?prmId=1186
1195,Carlos Carvajal Gallardo,Independientes,IND,2026-03-11,https://www.camara.cl/diputados/detalle/ficha_parlamentaria.aspx?prmId=1195
1199,Jaime Coloma Álamos,Unión Demócrata Independiente,UDI,2026-03-11,https://www.camara.cl/diputados/detalle/ficha_parlamentaria.aspx?prmId=1199
1204,Francisco Crisóstomo Llanos,Partido Socialista,PS,2026-03-11,https://www.camara.cl/diputados/detalle/ficha_parlamentaria.aspx?prmId=1204
1203,Sebastián Cristoffanini Jaraquemada,Partido Republicano,REP,2026-03-11,https://www.camara.cl/diputados/detalle/ficha_parlamentaria.aspx?prmId=1203
1208,Jorge Díaz Ibarra,Partido Demócrata Cristiano,DC,2026-03-11,https://www.camara.cl/diputados/detalle/ficha_parlamentaria.aspx?prmId=1208
1212,Erich Grohs Marín,Partido Nacional Libertario,NLI,2026-03-11,https://www.camara.cl/diputados/detalle/ficha_parlamentaria.aspx?prmId=1212
1217,Pier Karlezi Hazleby,Partido Nacional Libertario,NLI,2026-03-11,https://www.camara.cl/diputados/detalle/ficha_parlamentaria.aspx?prmId=1217
1220,Leandro Kunstmann Collado,Partido Republicano,REP,2026-03-11,https://www.camara.cl/diputados/detalle/ficha_parlamentaria.aspx?prmId=1220
1222,Andrea Macías Palma,Partido Socialista,PS,2026-03-11,https://www.camara.cl/diputados/detalle/ficha_parlamentaria.aspx?prmId=1222
1223,Hans Marowski Cuevas,Partido Nacional Libertario,NLI,2026-03-11,https://www.camara.cl/diputados/detalle/ficha_parlamentaria.aspx?prmId=1223
1230,Alex Nahuelquin Nahuelquin,Partido de la Gente,PDG,2026-03-11,https://www.camara.cl/diputados/detalle/ficha_parlamentaria.aspx?prmId=1230
1236,Paula Olmos Contreras,Partido de la Gente,PDG,2026-03-11,https://www.camara.cl/diputados/detalle/ficha_parlamentaria.aspx?prmId=1236
1241,Patricio Pinilla Valencia,Partido Demócrata Cristiano,DC,2026-03-11,https://www.camara.cl/diputados/detalle/ficha_parlamentaria.aspx?prmId=1241
1242,Rodrigo Ramírez Parra,Independientes,IND,2026-03-11,https://www.camara.cl/diputados/detalle/ficha_parlamentaria.aspx?prmId=1242
1232,Cristian Neira Martínez,Partido Republicano,REP,2026-03-11,https://www.camara.cl/diputados/detalle/ficha_parlamentaria.aspx?prmId=1232
1243,Tamara Ramírez Ramírez,Partido de la Gente,PDG,2026-03-11,https://www.camara.cl/diputados/detalle/ficha_parlamentaria.aspx?prmId=1243
1061,Andrea Parra Sauterel,Partido Por la Democracia,PPD,2026-03-11,https://www.camara.cl/diputados/detalle/ficha_parlamentaria.aspx?prmId=1061
1213,Irací Hassler Jacob,Partido Comunista,PC,2026-03-11,https://www.camara.cl/diputados/detalle/ficha_parlamentaria.aspx?prmId=1213
1193,Patricio Briones Moller,Partido de la Gente,PDG,2026-03-11,https://www.camara.cl/diputados/detalle/ficha_parlamentaria.aspx?prmId=1193
1259,Juan Marcelo Valenzuela Henríquez,Partido de la Gente,PDG,2026-03-11,https://www.camara.cl/diputados/detalle/ficha_parlamentaria.aspx?prmId=1259
803,René Alinco Bustos,Independientes,IND,2026-03-11,https://www.camara.cl/diputados/detalle/ficha_parlamentaria.aspx?prmId=803
1021,Andrés Celis Montt,Renovación Nacional,RN,2026-03-11,https://www.camara.cl/diputados/detalle/ficha_parlamentaria.aspx?prmId=1021
1059,Ximena Ossandón Irarrázabal,Renovación Nacional,RN,2026-03-11,https://www.camara.cl/diputados/detalle/ficha_parlamentaria.aspx?prmId=1059
1087,Gael Yeomans Araya,Frente Amplio,FA,2026-03-11,https://www.camara.cl/diputados/detalle/ficha_parlamentaria.aspx?prmId=1087
1114,Félix Bugueño Sotelo,Frente Amplio,FA,2026-03-11,https://www.camara.cl/diputados/detalle/ficha_parlamentaria.aspx?prmId=1114
1133,Juan Irarrázaval Rossel,Partido Republicano,REP,2026-03-11,https://www.camara.cl/diputados/detalle/ficha_parlamentaria.aspx?prmId=1133
1153,Coca Ericka Ñanco Vásquez,Frente Amplio,FA,2026-03-11,https://www.camara.cl/diputados/detalle/ficha_parlamentaria.aspx?prmId=1153
1177,Carolina Tello Rojas,Frente Amplio,FA,2026-03-11,https://www.camara.cl/diputados/detalle/ficha_parlamentaria.aspx?prmId=1177
1194,Daniel Bustos Leal,Partido Republicano,REP,2026-03-11,https://www.camara.cl/diputados/detalle/ficha_parlamentaria.aspx?prmId=1194
1240,Zandra Parisi Fernández,Partido de la Gente,PDG,2026-03-11,https://www.camara.cl/diputados/detalle/ficha_parlamentaria.aspx?prmId=1240
1107,María Francisca Bello Campos,Frente Amplio,FA,2026-03-11,https://www.camara.cl/diputados/detalle/ficha_parlamentaria.aspx?prmId=1107
1205,Carlos Cuadrado Prats,Partido Por la Democracia,PPD,2026-03-11,https://www.camara.cl/diputados/detalle/ficha_parlamentaria.aspx?prmId=1205
1250,Bernardo Salinas Maya,Independientes,IND,2026-03-11,https://www.camara.cl/diputados/detalle/ficha_parlamentaria.aspx?prmId=1250
1216,Stephanie Jéldrez Ortiz,Partido Republicano,REP,2026-03-11,https://www.camara.cl/diputados/detalle/ficha_parlamentaria.aspx?prmId=1216
1150,Benjamín Moreno Bascur,Partido Republicano,REP,2026-03-11,https://www.camara.cl/diputados/detalle/ficha_parlamentaria.aspx?prmId=1150
1256,Tatiana Urrutia Herrera,Frente Amplio,FA,2026-03-11,https://www.camara.cl/diputados/detalle/ficha_parlamentaria.aspx?prmId=1256
986,Marcela Hernando Pérez,Partido Radical de Chile,PR,2026-03-11,https://www.camara.cl/diputados/detalle/ficha_parlamentaria.aspx?prmId=986
1077,Raúl Soto Mardones,Partido Por la Democracia,PPD,2026-03-11,https://www.camara.cl/diputados/detalle/ficha_parlamentaria.aspx?prmId=1077
1170,Luis Sánchez Ossa,Partido Republicano,REP,2026-03-11,https://www.camara.cl/diputados/detalle/ficha_parlamentaria.aspx?prmId=1170
1028,Eduardo Durán Salinas,Renovación Nacional,RN,2026-03-11,https://www.camara.cl/diputados/detalle/ficha_parlamentaria.aspx?prmId=1028
1117,Nathalie Castillo Rojas,Partido Comunista,PC,2026-03-11,https://www.camara.cl/diputados/detalle/ficha_parlamentaria.aspx?prmId=1117
1181,Nelson Venegas Salazar,Partido Socialista,PS,2026-03-11,https://www.camara.cl/diputados/detalle/ficha_parlamentaria.aspx?prmId=1181
1229,Javier Muñoz Riquelme,Partido Demócrata Cristiano,DC,2026-03-11,https://www.camara.cl/diputados/detalle/ficha_parlamentaria.aspx?prmId=1229
1214,Constanza Hube Portus,Unión Demócrata Independiente,UDI,2026-03-11,https://www.camara.cl/diputados/detalle/ficha_parlamentaria.aspx?prmId=1214
1258,Guillermo Valdés Carmona,Partido de la Gente,PDG,2026-03-11,https://www.camara.cl/diputados/detalle/ficha_parlamentaria.aspx?prmId=1258
1191,Valentina Becerra Peña,Partido Republicano,REP,2026-03-11,https://www.camara.cl/diputados/detalle/ficha_parlamentaria.aspx?prmId=1191
1211,Sofía González Cortés,Partido Comunista,PC,2026-03-11,https://www.camara.cl/diputados/detalle/ficha_parlamentaria.aspx?prmId=1211
1225,Cristian Menchaca Pinochet,Independientes,IND,2026-03-11,https://www.camara.cl/diputados/detalle/ficha_parlamentaria.aspx?prmId=1225
1219,Tomás Kast Sommerhoff,Evolución Política,EVOPOLI,2026-03-11,https://www.camara.cl/diputados/detalle/ficha_parlamentaria.aspx?prmId=1219
1189,Jaime Bassa Mercado,Frente Amplio,FA,2026-03-11,https://www.camara.cl/diputados/detalle/ficha_parlamentaria.aspx?prmId=1189
1248,Felipe Ross Correa,Partido Republicano,REP,2026-03-11,https://www.camara.cl/diputados/detalle/ficha_parlamentaria.aspx?prmId=1248
1254,Ignacio Urcullú Clèment-Lund,Partido Republicano,REP,2026-03-11,https://www.camara.cl/diputados/detalle/ficha_parlamentaria.aspx?prmId=1254
1263,Sebastián Zamora Soto,Independientes,IND,2026-03-11,https://www.camara.cl/diputados/detalle/ficha_parlamentaria.aspx?prmId=1263
1237,Francisco Orrego Gutiérrez,Renovación Nacional,RN,2026-03-11,https://www.camara.cl/diputados/detalle/ficha_parlamentaria.aspx?prmId=1237
1015,Jorge Brito Hasbún,Frente Amplio,FA,2026-03-11,https://www.camara.cl/diputados/detalle/ficha_parlamentaria.aspx?prmId=1015
1074,Marisela Santibáñez Novoa,Independientes,IND,2026-03-11,https://www.camara.cl/diputados/detalle/ficha_parlamentaria.aspx?prmId=1074
1116,Felipe Camaño Cárdenas,Independientes,IND,2026-03-11,https://www.camara.cl/diputados/detalle/ficha_parlamentaria.aspx?prmId=1116
1159,Lorena Pizarro Sierra,Partido Comunista,PC,2026-03-11,https://www.camara.cl/diputados/detalle/ficha_parlamentaria.aspx?prmId=1159
1190,Enrique Bassaletti Riess,Independientes,IND,2026-03-11,https://www.camara.cl/diputados/detalle/ficha_parlamentaria.aspx?prmId=1190
1210,Gustavo Gatica Villarroel,Independientes,IND,2026-03-11,https://www.camara.cl/diputados/detalle/ficha_parlamentaria.aspx?prmId=1210
1182,Sebastián Videla Castillo,Independientes,IND,2026-03-11,https://www.camara.cl/diputados/detalle/ficha_parlamentaria.aspx?prmId=1182
1122,Luis Alberto Cuello Peña y Lillo,Partido Comunista,PC,2026-03-11,https://www.camara.cl/diputados/detalle/ficha_parlamentaria.aspx?prmId=1122
1255,Eileen Urqueta Rojas,Partido de la Gente,PDG,2026-03-11,https://www.camara.cl/diputados/detalle/ficha_parlamentaria.aspx?prmId=1255
872,Jaime Mulet Martínez,Federación Regionalista Verde Social,FRVS,2026-03-11,https://www.camara.cl/diputados/detalle/ficha_parlamentaria.aspx?prmId=872
1100,Cristián Araya Lerdo de Tejada,Partido Republicano,REP,2026-03-11,https://www.camara.cl/diputados/detalle/ficha_parlamentaria.aspx?prmId=1100
1142,Daniel Manouchehri Lobos,Partido Socialista,PS,2026-03-11,https://www.camara.cl/diputados/detalle/ficha_parlamentaria.aspx?prmId=1142
1178,Héctor Ulloa Aguilera,Independientes,IND,2026-03-11,https://www.camara.cl/diputados/detalle/ficha_parlamentaria.aspx?prmId=1178
1202,Eduardo Cretton Rebolledo,Unión Demócrata Independiente,UDI,2026-03-11,https://www.camara.cl/diputados/detalle/ficha_parlamentaria.aspx?prmId=1202
1233,Ricardo Neumann Bertín,Unión Demócrata Independiente,UDI,2026-03-11,https://www.camara.cl/diputados/detalle/ficha_parlamentaria.aspx?prmId=1233
815,Sergio Bobadilla Muñoz,Unión Demócrata Independiente,UDI,2026-03-11,https://www.camara.cl/diputados/detalle/ficha_parlamentaria.aspx?prmId=815
1013,Alejandro Bernales Maldonado,Partido Liberal de Chile,PL,2026-03-11,https://www.camara.cl/diputados/detalle/ficha_parlamentaria.aspx?prmId=1013
1039,Pamela Jiles Moreno,Partido de la Gente,PDG,2026-03-11,https://www.camara.cl/diputados/detalle/ficha_parlamentaria.aspx?prmId=1039
1062,Joanna Pérez Olea,Partido Demócratas Chile,DEM,2026-03-11,https://www.camara.cl/diputados/detalle/ficha_parlamentaria.aspx?prmId=1062
1082,Cristóbal Urruticoechea Ríos,Partido Nacional Libertario,NLI,2026-03-11,https://www.camara.cl/diputados/detalle/ficha_parlamentaria.aspx?prmId=1082
1108,Juan Carlos Beltrán Silva,Renovación Nacional,RN,2026-03-11,https://www.camara.cl/diputados/detalle/ficha_parlamentaria.aspx?prmId=1108
1128,Ana María Gazmuri Vieira,Partido Acción Humanista,PAC,2026-03-11,https://www.camara.cl/diputados/detalle/ficha_parlamentaria.aspx?prmId=1128
1146,José Carlos Meza Pereira,Partido Republicano,REP,2026-03-11,https://www.camara.cl/diputados/detalle/ficha_parlamentaria.aspx?prmId=1146
1166,Natalia Romero Talguia,Independientes,IND,2026-03-11,https://www.camara.cl/diputados/detalle/ficha_parlamentaria.aspx?prmId=1166
1176,Hotuiti Teao Drago,Independientes,IND,2026-03-11,https://www.camara.cl/diputados/detalle/ficha_parlamentaria.aspx?prmId=1176
1188,Marcos Barraza Gómez,Partido Comunista,PC,2026-03-11,https://www.camara.cl/diputados/detalle/ficha_parlamentaria.aspx?prmId=1188
1197,Carlos Chandía Alarcón,Renovación Nacional,RN,2026-03-11,https://www.camara.cl/diputados/detalle/ficha_parlamentaria.aspx?prmId=1197
1206,Carolina Cucumides Calderón,Independientes,IND,2026-03-11,https://www.camara.cl/diputados/detalle/ficha_parlamentaria.aspx?prmId=1206
1218,José Antonio Kast Adriasola,Partido Republicano,REP,2026-03-11,https://www.camara.cl/diputados/detalle/ficha_parlamentaria.aspx?prmId=1218
1228,Paulina Muñoz Minte,Partido Nacional Libertario,NLI,2026-03-11,https://www.camara.cl/diputados/detalle/ficha_parlamentaria.aspx?prmId=1228
1238,Álvaro Ortiz Vera,Partido Demócrata Cristiano,DC,2026-03-11,https://www.camara.cl/diputados/detalle/ficha_parlamentaria.aspx?prmId=1238
1198,Paz Charpentier Rajcevich,Partido Republicano,REP,2026-03-11,https://www.camara.cl/diputados/detalle/ficha_parlamentaria.aspx?prmId=1198
1234,Mario Olavarría Rodríguez,Unión Demócrata Independiente,UDI,2026-03-11,https://www.camara.cl/diputados/detalle/ficha_parlamentaria.aspx?prmId=1234
1127,Lorena Fries Monleón,Frente Amplio,FA,2026-03-11,https://www.camara.cl/diputados/detalle/ficha_parlamentaria.aspx?prmId=1127
1143,Cristóbal Martínez Ramírez,Unión Demócrata Independiente,UDI,2026-03-11,https://www.camara.cl/diputados/detalle/ficha_parlamentaria.aspx?prmId=1143
1157,Marlene Pérez Cartes,Independientes,IND,2026-03-11,https://www.camara.cl/diputados/detalle/ficha_parlamentaria.aspx?prmId=1157
1173,Daniela Serrano Salazar,Partido Comunista,PC,2026-03-11,https://www.camara.cl/diputados/detalle/ficha_parlamentaria.aspx?prmId=1173
1187,Carlo Arqueros Pizarro,Partido Republicano,REP,2026-03-11,https://www.camara.cl/diputados/detalle/ficha_parlamentaria.aspx?prmId=1187
1192,Lilian Betancurt Delgado,Partido de la Gente,PDG,2026-03-11,https://www.camara.cl/diputados/detalle/ficha_parlamentaria.aspx?prmId=1192
1196,Priscilla Castillo Gerli,Partido Demócrata Cristiano,DC,2026-03-11,https://www.camara.cl/diputados/detalle/ficha_parlamentaria.aspx?prmId=1196
1201,Flor Contreras Vivallo,Partido de la Gente,PDG,2026-03-11,https://www.camara.cl/diputados/detalle/ficha_parlamentaria.aspx?prmId=1201
1224,Cristian Mella Andaur,Partido Demócrata Cristiano,DC,2026-03-11,https://www.camara.cl/diputados/detalle/ficha_parlamentaria.aspx?prmId=1224
1227,Claudia Mora Vega,Renovación Nacional,RN,2026-03-11,https://www.camara.cl/diputados/detalle/ficha_parlamentaria.aspx?prmId=1227
1231,Ximena Naranjo Pinto,Independientes,IND,2026-03-11,https://www.camara.cl/diputados/detalle/ficha_parlamentaria.aspx?prmId=1231
1235,Javier Olivares Avendaño,Partido de la Gente,PDG,2026-03-11,https://www.camara.cl/diputados/detalle/ficha_parlamentaria.aspx?prmId=1235
1239,Fabián Ossandón Briceño,Partido de la Gente,PDG,2026-03-11,https://www.camara.cl/diputados/detalle/ficha_parlamentaria.aspx?prmId=1239
1200,Cristian Contreras Radovic,Partido de la Gente,PDG,2026-03-11,https://www.camara.cl/diputados/detalle/ficha_parlamentaria.aspx?prmId=1200
1244,Claudia Reyes Larenas,Partido Republicano,REP,2026-03-11,https://www.camara.cl/diputados/detalle/ficha_parlamentaria.aspx?prmId=1244
1245,Alejandro Riquelme Ducci,Partido Republicano,REP,2026-03-11,https://www.camara.cl/diputados/detalle/ficha_parlamentaria.aspx?prmId=1245
1246,José Antonio Rivas Villalobos,Partido Socialista,PS,2026-03-11,https://www.camara.cl/diputados/detalle/ficha_parlamentaria.aspx?prmId=1246
1247,Javiera Rodríguez Pascual,Partido Republicano,REP,2026-03-11,https://www.camara.cl/diputados/detalle/ficha_parlamentaria.aspx?prmId=1247
1249,Omar Sabat Guzmán,Independientes,IND,2026-03-11,https://www.camara.cl/diputados/detalle/ficha_parlamentaria.aspx?prmId=1249
1251,Macarena Santelices Cañas,Partido Republicano,REP,2026-03-11,https://www.camara.cl/diputados/detalle/ficha_parlamentaria.aspx?prmId=1251
1252,Constanza Schonhaut Soto,Frente Amplio,FA,2026-03-11,https://www.camara.cl/diputados/detalle/ficha_parlamentaria.aspx?prmId=1252
1253,Fernando Ugarte Tejeda,Partido Republicano,REP,2026-03-11,https://www.camara.cl/diputados/detalle/ficha_parlamentaria.aspx?prmId=1253
1257,Alejandra Valdebenito Torres,Unión Demócrata Independiente,UDI,2026-03-11,https://www.camara.cl/diputados/detalle/ficha_parlamentaria.aspx?prmId=1257
1260,César Valenzuela Maass,Partido Socialista,PS,2026-03-11,https://www.camara.cl/diputados/detalle/ficha_parlamentaria.aspx?prmId=1260
1261,Daniel Valenzuela Salazar,Independientes,IND,2026-03-11,https://www.camara.cl/diputados/detalle/ficha_parlamentaria.aspx?prmId=1261
1262,Diego Vergara Rodríguez,Partido Republicano,REP,2026-03-11,https://www.camara.cl/diputados/detalle/ficha_parlamentaria.aspx?prmId=1262
1264,Fernando Zamorano Peralta,Partido Por la Democracia,PPD,2026-03-11,https://www.camara.cl/diputados/detalle/ficha_parlamentaria.aspx?prmId=1264
1209,Matías Fernández Hartwig,Frente Amplio,FA,2026-03-11,https://www.camara.cl/diputados/detalle/ficha_parlamentaria.aspx?prmId=1209
1221,Benjamín Lorca Inzunza,Partido Republicano,REP,2026-03-11,https://www.camara.cl/diputados/detalle/ficha_parlamentaria.aspx?prmId=1221
1226,José Montalva Feuerhake,Independientes,IND,2026-03-11,https://www.camara.cl/diputados/detalle/ficha_parlamentaria.aspx?prmId=1226
1060,Luis Pardo Sáinz,Renovación Nacional,RN,2026-03-11,https://www.camara.cl/diputados/detalle/ficha_parlamentaria.aspx?prmId=1060
1207,Valentina Cáceres Monsálvez,Independientes,IND,2026-03-11,https://www.camara.cl/diputados/detalle/ficha_parlamentaria.aspx?prmId=1207
1215,Álvaro Jofré Cáceres,Partido Nacional Libertario,NLI,2026-03-11,https://www.camara.cl/diputados/detalle/ficha_parlamentaria.aspx?prmId=1215
1102,Roberto Arroyo Muñoz,Independientes,IND,2026-03-11,https://www.camara.cl/diputados/detalle/ficha_parlamentaria.aspx?prmId=1102
