wiki_name,party_full,party_short,party,period,external_id,status,source
Alejandra Sepúlveda,Federación Regionalista Verde Social,FRVS,FRVS,2022-2026,,unmatched,LVI periodo legislativo del Congreso Nacional de Chile
PRCh,"Partido Social Cristiano (Chile, 2022)",PSC,PSC,2022-2026,,unmatched,LVI periodo legislativo del Congreso Nacional de Chile
Sebastián Keitel,Evolución Política,EVO,EVOPOLI,2022-2026,,unmatched,LVI periodo legislativo del Congreso Nacional de Chile
Juan Castro Prieto,"Partido Social Cristiano (Chile, 2022)",PSC,PSC,2022-2026,,unmatched,LVI periodo legislativo del Congreso Nacional de Chile
Alejandro Kusanovic,Renovación Nacional,RN,RN,2022-2026,,unmatched,LVI periodo legislativo del Congreso Nacional de Chile
Vlado Mirosevic Verdugo,Partido Liberal de Chile (2013),PL,PL,2022-2026,991,matched,LVI periodo legislativo del Congreso Nacional de Chile
Luis Malla Valenzuela,Partido Liberal de Chile (2013),PL,PL,2022-2026,1141,matched,LVI periodo legislativo del Congreso Nacional de Chile
Matías Ramírez Pascal,Partido Comunista de Chile,PCCh,PC,2022-2026,1162,matched,LVI periodo legislativo del Congreso Nacional de Chile
Danisa Astudillo Peiretti,Partido Socialista de Chile,PS,PS,2022-2026,1103,matched,LVI periodo legislativo del Congreso Nacional de Chile
Sebastián Videla Castillo,Partido Liberal de Chile (2013),Ind-PL,??Ind-PL,2022-2026,1182,matched,LVI periodo legislativo del Congreso Nacional de Chile
Jaime Araya Guerrero,Partido por la Democracia,Ind-PPD,PPD,2022-2026,1099,matched,LVI periodo legislativo del Congreso Nacional de Chile
José Miguel Castro Bascuñán,Renovación Nacional,RN,RN,2022-2026,1019,matched,LVI periodo legislativo del Congreso Nacional de Chile
Daniella Cicardini Milla,Partido Socialista de Chile,PS,PS,2022-2026,975,matched,LVI periodo legislativo del Congreso Nacional de Chile
Juan Santana Castillo,Partido Socialista de Chile,PS,PS,2022-2026,1073,matched,LVI periodo legislativo del Congreso Nacional de Chile
Cristian Tapia Ramos,Partido por la Democracia,Ind-PPD,PPD,2022-2026,1175,matched,LVI periodo legislativo del Congreso Nacional de Chile
Jaime Mulet Martínez,Federación Regionalista Verde Social,FRVS,FRVS,2022-2026,872,matched,LVI periodo legislativo del Congreso Nacional de Chile
Marco Sulantay Olivares,Unión Demócrata Independiente,UDI,UDI,2022-2026,1174,matched,LVI periodo legislativo del Congreso Nacional de Chile
Juan Manuel Fuenzalida Cobo,Unión Demócrata Independiente,UDI,UDI,2022-2026,1031,matched,LVI periodo legislativo del Congreso Nacional de Chile
Nathalie Castillo Rojas,Partido Comunista de Chile,PCCh,PC,2022-2026,1117,matched,LVI periodo legislativo del Congreso Nacional de Chile
Daniel Manouchehri Moghadam Kashan Lobos,Partido Socialista de Chile,PS,PS,2022-2026,,unmatched,LVI periodo legislativo del Congreso Nacional de Chile
Ricardo Cifuentes Lillo,Partido Demócrata Cristiano (Chile),PDC,DC,2022-2026,1118,matched,LVI periodo legislativo del Congreso Nacional de Chile
Víctor Pino Fuentes,Demócratas (Chile),DEM,DEM,2022-2026,1158,matched,LVI periodo legislativo del Congreso Nacional de Chile
María Francisca Bello Campos,Frente Amplio (partido político de Chile),FA,FA,2022-2026,1107,matched,LVI periodo legislativo del Congreso Nacional de Chile
Carolina Marzán Pinto,Partido por la Democracia,PPD,PPD,2022-2026,1048,matched,LVI periodo legislativo del Congreso Nacional de Chile
Nelson Venegas Salazar,Partido Socialista de Chile,PS,PS,2022-2026,1181,matched,LVI periodo legislativo del Congreso Nacional de Chile
Andrés Longton Herrera,Renovación Nacional,RN,RN,2022-2026,1046,matched,LVI periodo legislativo del Congreso Nacional de Chile
Camila Flores Oporto,Renovación Nacional,RN,RN,2022-2026,1030,matched,LVI periodo legislativo del Congreso Nacional de Chile
Chiara Barchiesi Chávez,Partido Republicano de Chile (2019),PRCh,REP,2022-2026,1104,matched,LVI periodo legislativo del Congreso Nacional de Chile
Tomás Lagomarsino Guzmán,Partido Radical de Chile,PR,PR,2022-2026,1137,matched,LVI periodo legislativo del Congreso Nacional de Chile
Camila Rojas Valderrama,Frente Amplio (partido político de Chile),FA,FA,2022-2026,1068,matched,LVI periodo legislativo del Congreso Nacional de Chile
Jorge Brito Hasbún,Frente Amplio (partido político de Chile),FA,FA,2022-2026,1015,matched,LVI periodo legislativo del Congreso Nacional de Chile
Luis Cuello Peña y Lillo,Partido Comunista de Chile,PCCh,PC,2022-2026,1122,matched,LVI periodo legislativo del Congreso Nacional de Chile
Andrés Celis Montt,Renovación Nacional,RN,RN,2022-2026,1021,matched,LVI periodo legislativo del Congreso Nacional de Chile
Luis Sánchez Ossa,Partido Republicano de Chile (2019),PRCh,REP,2022-2026,1170,matched,LVI periodo legislativo del Congreso Nacional de Chile
Carmen Hertz Cádiz,Partido Comunista de Chile,PCCh,PC,2022-2026,1035,matched,LVI periodo legislativo del Congreso Nacional de Chile
Claudia Mix Jiménez,Frente Amplio (partido político de Chile),FA,FA,2022-2026,1051,matched,LVI periodo legislativo del Congreso Nacional de Chile
Agustín Romero Leiva,Partido Republicano de Chile (2019),PRCh,REP,2022-2026,1165,matched,LVI periodo legislativo del Congreso Nacional de Chile
Alberto Undurraga Vicuña,Partido Demócrata Cristiano de Chile,PDC,DC,2022-2026,1179,matched,LVI periodo legislativo del Congreso Nacional de Chile
Karol Cariola Oliva,Partido Comunista de Chile,PCCh,PC,2022-2026,973,matched,LVI periodo legislativo del Congreso Nacional de Chile
Boris Barrera Moreno,Partido Comunista de Chile,PCCh,PC,2022-2026,1012,matched,LVI periodo legislativo del Congreso Nacional de Chile
Maite Orsini Pascal,Frente Amplio (partido político de Chile),FA,FA,2022-2026,1058,matched,LVI periodo legislativo del Congreso Nacional de Chile
Andrés Giordano Salazar,Frente Amplio (partido político de Chile),FA,FA,2022-2026,1129,matched,LVI periodo legislativo del Congreso Nacional de Chile
Jorge Durán Espinoza,Renovación Nacional,RN,RN,2022-2026,1027,matched,LVI periodo legislativo del Congreso Nacional de Chile
José Carlos Meza Pereira,Partido Republicano de Chile (2019),PRCh,REP,2022-2026,1146,matched,LVI periodo legislativo del Congreso Nacional de Chile
Gonzalo Winter Etcheberry,Frente Amplio (partido político de Chile),FA,FA,2022-2026,1086,matched,LVI periodo legislativo del Congreso Nacional de Chile
Lorena Fries Monleón,Frente Amplio (partido político de Chile),FA,FA,2022-2026,1127,matched,LVI periodo legislativo del Congreso Nacional de Chile
Alejandra Placencia Cabello,Partido Comunista de Chile,PCCh,PC,2022-2026,1160,matched,LVI periodo legislativo del Congreso Nacional de Chile
Jorge Alessandri Vergara,Unión Demócrata Independiente,UDI,UDI,2022-2026,1009,matched,LVI periodo legislativo del Congreso Nacional de Chile
María Luisa Cordero Velásquez,Renovación Nacional,Ind-RN,RN,2022-2026,1120,matched,LVI periodo legislativo del Congreso Nacional de Chile
Helia Molina Milman,Partido por la Democracia,PPD,PPD,2022-2026,1147,matched,LVI periodo legislativo del Congreso Nacional de Chile
Cristián Araya Lerdo de Tejada,Partido Republicano de Chile (2019),PRCh,REP,2022-2026,1100,matched,LVI periodo legislativo del Congreso Nacional de Chile
Francisco Undurraga Gazitúa,Evolución Política,EVOP,EVOPOLI,2022-2026,1081,matched,LVI periodo legislativo del Congreso Nacional de Chile
Guillermo Ramírez Diez,Unión Demócrata Independiente,UDI,UDI,2022-2026,1065,matched,LVI periodo legislativo del Congreso Nacional de Chile
Ximena Ossandón Irarrázabal,Renovación Nacional,RN,RN,2022-2026,1059,matched,LVI periodo legislativo del Congreso Nacional de Chile
Ana María Gazmuri Vieira,Acción Humanista,AH,??AH,2022-2026,1128,matched,LVI periodo legislativo del Congreso Nacional de Chile
Daniela Serrano Salazar,Partido Comunista de Chile,PCCh,PC,2022-2026,1173,matched,LVI periodo legislativo del Congreso Nacional de Chile
Gael Yeomans Araya,Frente Amplio (partido político de Chile),FA,FA,2022-2026,1087,matched,LVI periodo legislativo del Congreso Nacional de Chile
Lorena Pizarro Sierra,Partido Comunista de Chile,PCCh,PC,2022-2026,1159,matched,LVI periodo legislativo del Congreso Nacional de Chile
Eduardo Durán Salinas,Renovación Nacional,RN,RN,2022-2026,1028,matched,LVI periodo legislativo del Congreso Nacional de Chile
Cristhian Moreira Barros,Unión Demócrata Independiente,UDI,UDI,2022-2026,1053,matched,LVI periodo legislativo del Congreso Nacional de Chile
Daniel Melo Contreras,Partido Socialista de Chile,PS,PS,2022-2026,990,matched,LVI periodo legislativo del Congreso Nacional de Chile
Raúl Leiva Carvajal,Partido Socialista de Chile,PS,PS,2022-2026,1044,matched,LVI periodo legislativo del Congreso Nacional de Chile
Leonardo Soto Ferrada,Partido Socialista de Chile,PS,PS,2022-2026,1002,matched,LVI periodo legislativo del Congreso Nacional de Chile
Juan Antonio Coloma Álamos,Unión Demócrata Independiente,UDI,UDI,2022-2026,976,matched,LVI periodo legislativo del Congreso Nacional de Chile
Juan Irarrázaval Rossel,Partido Republicano de Chile (2019),PRCh,REP,2022-2026,1133,matched,LVI periodo legislativo del Congreso Nacional de Chile
Raúl Soto Mardones,Partido por la Democracia,PPD,PPD,2022-2026,1077,matched,LVI periodo legislativo del Congreso Nacional de Chile
Diego Schalper Sepúlveda,Renovación Nacional,RN,RN,2022-2026,1075,matched,LVI periodo legislativo del Congreso Nacional de Chile
Natalia Romero Talguia,Unión Demócrata Independiente,Ind-UDI,UDI,2022-2026,1166,matched,LVI periodo legislativo del Congreso Nacional de Chile
Carla Morales Maldonado,Renovación Nacional,RN,RN,2022-2026,1149,matched,LVI periodo legislativo del Congreso Nacional de Chile
Eduardo Cornejo Lagos,Unión Demócrata Independiente,UDI,UDI,2022-2026,1121,matched,LVI periodo legislativo del Congreso Nacional de Chile
Cosme Mellado Pino,Partido Radical de Chile,PR,PR,2022-2026,1049,matched,LVI periodo legislativo del Congreso Nacional de Chile
Hugo Rey Martínez,Renovación Nacional,RN,RN,2022-2026,1067,matched,LVI periodo legislativo del Congreso Nacional de Chile
Jorge Guzmán Zepeda,Evolución Política,EVOP,EVOPOLI,2022-2026,1132,matched,LVI periodo legislativo del Congreso Nacional de Chile
Felipe Donoso Castro,Unión Demócrata Independiente,UDI,UDI,2022-2026,1126,matched,LVI periodo legislativo del Congreso Nacional de Chile
Alexis Sepúlveda Soto,Partido Radical de Chile,PR,PR,2022-2026,1076,matched,LVI periodo legislativo del Congreso Nacional de Chile
Benjamín Moreno Bascur,Partido Republicano de Chile (2019),PRCh,REP,2022-2026,1150,matched,LVI periodo legislativo del Congreso Nacional de Chile
Paula Labra Besserer,Renovación Nacional,Ind-RN,RN,2022-2026,1136,matched,LVI periodo legislativo del Congreso Nacional de Chile
Gustavo Benavente Vergara,Unión Demócrata Independiente,UDI,UDI,2022-2026,1109,matched,LVI periodo legislativo del Congreso Nacional de Chile
Cristóbal Martínez Ramírez,Unión Demócrata Independiente,UDI,UDI,2022-2026,1143,matched,LVI periodo legislativo del Congreso Nacional de Chile
Marta Bravo Salinas,Unión Demócrata Independiente,UDI,UDI,2022-2026,1113,matched,LVI periodo legislativo del Congreso Nacional de Chile
Frank Sauerbaum Muñoz,Renovación Nacional,RN,RN,2022-2026,953,matched,LVI periodo legislativo del Congreso Nacional de Chile
Felipe Camaño Cárdenas,Partido Demócrata Cristiano de Chile,Ind-PDC,??Ind-PDC,2022-2026,1116,matched,LVI periodo legislativo del Congreso Nacional de Chile
Sergio Bobadilla Muñoz,Unión Demócrata Independiente,UDI,UDI,2022-2026,815,matched,LVI periodo legislativo del Congreso Nacional de Chile
Marlene Pérez Cartes,Unión Demócrata Independiente,Ind-UDI,UDI,2022-2026,1157,matched,LVI periodo legislativo del Congreso Nacional de Chile
Eric Aedo Jeldres,Partido Demócrata Cristiano de Chile,PDC,DC,2022-2026,1097,matched,LVI periodo legislativo del Congreso Nacional de Chile
María Candelaria Acevedo Sáez,Partido Comunista de Chile,PCCh,PC,2022-2026,1096,matched,LVI periodo legislativo del Congreso Nacional de Chile
Flor Weisse Novoa,Unión Demócrata Independiente,UDI,UDI,2022-2026,1183,matched,LVI periodo legislativo del Congreso Nacional de Chile
Clara Sagardía Cabezas,Frente Amplio (partido político de Chile),FA,FA,2022-2026,1169,matched,LVI periodo legislativo del Congreso Nacional de Chile
Jorge Rathgeb Schifferli,Renovación Nacional,RN,RN,2022-2026,999,matched,LVI periodo legislativo del Congreso Nacional de Chile
Juan Carlos Beltrán Silva,Renovación Nacional,RN,RN,2022-2026,1108,matched,LVI periodo legislativo del Congreso Nacional de Chile
Jorge Saffirio Espinoza,Demócratas (Chile),DEM,DEM,2022-2026,1168,matched,LVI periodo legislativo del Congreso Nacional de Chile
Henry Leal Bizama,Unión Demócrata Independiente,UDI,UDI,2022-2026,1138,matched,LVI periodo legislativo del Congreso Nacional de Chile
Miguel Becker Alvear,Renovación Nacional,RN,RN,2022-2026,1106,matched,LVI periodo legislativo del Congreso Nacional de Chile
Stephan Schubert Rubio,Partido Republicano de Chile (2019),PRCh,REP,2022-2026,1172,matched,LVI periodo legislativo del Congreso Nacional de Chile
Ericka Ñanco Vásquez,Frente Amplio (partido político de Chile),FA,FA,2022-2026,1153,matched,LVI periodo legislativo del Congreso Nacional de Chile
Marcos Ilabaca Cerda,Partido Socialista de Chile,PS,PS,2022-2026,1038,matched,LVI periodo legislativo del Congreso Nacional de Chile
Ana María Bravo Castro,Partido Socialista de Chile,PS,PS,2022-2026,1112,matched,LVI periodo legislativo del Congreso Nacional de Chile
Gastón von Mühlenbrock Zamora,Unión Demócrata Independiente,UDI,UDI,2022-2026,917,matched,LVI periodo legislativo del Congreso Nacional de Chile
Bernardo Berger Fett,Renovación Nacional,Ind-RN,RN,2022-2026,971,matched,LVI periodo legislativo del Congreso Nacional de Chile
Emilia Nuyado Ancapichún,Partido Socialista de Chile,PS,PS,2022-2026,1056,matched,LVI periodo legislativo del Congreso Nacional de Chile
Héctor Barría Angulo,Partido Demócrata Cristiano de Chile,PDC,DC,2022-2026,1105,matched,LVI periodo legislativo del Congreso Nacional de Chile
Daniel Lilayu Vivanco,Unión Demócrata Independiente,UDI,UDI,2022-2026,1140,matched,LVI periodo legislativo del Congreso Nacional de Chile
Harry Jürgensen Rundshagen,Partido Republicano de Chile (2019),Ind-PRCh,??Ind-PRCh,2022-2026,1040,matched,LVI periodo legislativo del Congreso Nacional de Chile
Alejandro Bernales Maldonado,Partido Liberal de Chile (2013),PL,PL,2022-2026,1013,matched,LVI periodo legislativo del Congreso Nacional de Chile
Mauro González Villarroel,Renovación Nacional,RN,RN,2022-2026,1131,matched,LVI periodo legislativo del Congreso Nacional de Chile
Fernando Bórquez Montecinos,Unión Demócrata Independiente,Ind-UDI,UDI,2022-2026,1111,matched,LVI periodo legislativo del Congreso Nacional de Chile
Jaime Sáez Quiroz,Frente Amplio (partido político de Chile),FA,FA,2022-2026,1167,matched,LVI periodo legislativo del Congreso Nacional de Chile
Miguel Ángel Calisto Águila,Demócratas (Chile),Ind-DEM,??Ind-DEM,2022-2026,1016,matched,LVI periodo legislativo del Congreso Nacional de Chile
Marcia Raphael Mora,Renovación Nacional,RN,RN,2022-2026,1163,matched,LVI periodo legislativo del Congreso Nacional de Chile
Christian Matheson Villán,Evolución Política,Ind-EVOP,EVOPOLI,2022-2026,1144,matched,LVI periodo legislativo del Congreso Nacional de Chile
Javiera Morales Alvarado,Frente Amplio (partido político de Chile),FA,FA,2022-2026,1148,matched,LVI periodo legislativo del Congreso Nacional de Chile
